STT,Tên quán,Tên món,Phân loại món,Tên đường,Quận,Giờ mở cửa,Khoảng giá,Note
1,Bánh mì pate Hoàng Oanh,Bánh mì,Bánh mì,8 Phan Văn Hân,Quận Bình Thạnh,14h-3h,20k-25k,ngày chay nghỉ
2,Cơm Tấm Cô Bảy,Cơm tấm,Cơm,453/77A Lê Văn Sỹ,Quận 3,6h-11h30,45k,
3,Bánh mì thịt khìa Cô cúc siêu chất lượng,Bánh mì,Bánh mì,36 An Dương Vương,Quận 5,6h-11h30,25k-30k,
4,Bánh mì thịt pate nướng,Bánh mì,Bánh mì,001 Lô L chung cư Ngô Gia Tự,Quận 10,6h-20h,22-31k,
5,Cơm Tấm 2 Chị Em,Cơm tấm,Cơm,682/20 Võ Văn Kiệt,Quận 5,16h-20h,40k-65k,
6,Lẩu cá dân ích,Lẩu cá,Lẩu,99 Châu Văn Liêm,Quận 5,16h-22h,280k-350k-450k,
7,Bánh canh của 121,Bánh canh,Món nước,121 Nguyễn Trãi,Quận 5,6h-10h,24k,Bán 3 tiếng là hết
8,Mì bò Đài Loan,"Mì bò trộn, nước",Món nước,171 Nguyễn Gia Trí,Quận Bình Thạnh,18h-hết,45-55k,
9,Bún bò Quận 7 (Không gian đẹp),Bún bò,Món nước,156/5 Nguyễn Văn Linh,Quận 7,5h-21h,50-60k,
10,Bánh mì Bà Hà,Bánh mì,Bánh mì,"247 Hoàng Sa, Tân Định",Quận 1,06:00 - 17:00,15-25k,
11,RaoHe - Món Đài Loan,Món Đài Loan,Sang choảnh - Không gian xinh,119 Phạm Văn Chiêu,Quận Gò Vấp,16h-22h,,
12,Cơm Tấm Mai,Cơm tấm,Cơm,129 Đoàn Văn Bơ,Quận 4,16h-hết,50k,
13,Thơm,Quán nước,Quán nước,42CT Tam Đảo,Quận 10,9h-24h,,
14,Bún bò Nam Hưng,Bún bò,Món nước,"1 Công Trường Hoà Bình, P.19",Quận Bình Thạnh,16h-21h,,
15,Bún bò Gò vấp,Bún bò,Món nước,"69 Lê Lợi, P.4",Quận Gò Vấp,07:45 - 12:30 | 17:30 - 22:30,40-60k,
16,"Lẩu bò, nướng Cô Út","Bò né nướng, lẩu",Lẩu,"53 Trần Hưng Đạo, Phường 6",Quận 5,07:00 - 22:00,,
17,Lẩu cù lao,Lẩu miền tây,Lẩu,"410 Nguyễn Xí, P.13",Quận Bình Thạnh,15h30-22h,,
18,Bếp Chảo nhà 56,Bánh mì chảo,Món khô,53 Phan Đình Phùng,Quận Phú Nhuận,24/24,35-55k,
19,Bánh Canh Càng Cúm,Bánh canh,Món nước,108/22C Trần Quang DiệuPhường 14,Quận 3,08:00 - 21:00,40-55k,
20,Bún bò rẻ Quận 5,Bún bò,Món nước,"70 Nguyễn Duy, P.9",Quận 5,,35k,
21,Bún bò ngon số 1 Sài Gòn,Bún bò,Món nước,109 Trần Quốc Toản,Quận 3,15:00 - 20:30,60k,
22,Bánh mì chấm xíu mại,Bánh mì,Bánh mì,"284 Nam Kỳ Khởi Nghĩa, P.8",Quận 3,7h-21h,40k,
23,Bánh flan,Flan,Tráng miệng,"347/22 Minh Phụng, P.2",Quận 11,10:00 - 22:00,10-20k,
24,Mì trộn thái cay,Mì trộn,Món khô,"100 Số 13, Tân Quy",Quận 7,07:00 - 22:00,60k,
25,Ty Thy,Ăn vặt,Ăn vặt,"546 Đ. An D. Vương, Phường 10",Quận 6,12h-22h,,
26,"Bún xào, mì xào, miến xào (ăn sáng)",Ăn sáng,Món khô,"21 - 23 Nguyễn Thị Minh Khai , P. Bến Nghé",Quận 1,Sáng sớm,,"Gánh, lề đường, không có bàn"
27,Bò Kho Gánh,Bò kho,Món nước,029 Lô H chung cư Ngô Gia Tự,Quận 10,11h-22h,5 chụt,
28,Bánh bò thốt nốt Baaboo,Bánh bò,Ăn vặt,"337/37 Nguyễn Đình Chiểu, P.5",Quận 3,,,Đặt hàng online
29,"Bánh Xèo, Bánh Hỏi, Bò Lá Lốt",Các loại bánh,Món khô,023 Lô H chung cư Ngô Gia Tự,Quận 10,16h-20h,35k,
30,Katte Donut,Mochi,Ăn vặt,124 Vạn Kiếp,Quận Bình Thạnh,17h-hết,từ 17k,
31,Trà sữa Together,Trà sữa,Quán nước,"200 Nguyễn Thượng Hiền, P. 5",Quận Phú Nhuận,13:00 - 21:30,29k-40k,
32,Lò Đất BBQ,BBQ,Nhậu nhẹt,"Chi Nhánh 1: 396 Minh Phụng, Phường 9, Quận 11. 
Chi Nhánh 2: 159 Trần Tuấn Khải, Phường 5, Quận 5. 
Chi Nhánh 3: 922 Quang Trung, Phường 8, Gò vấp.",Quận Gò Vấp,16:00 - 23:30.,,
33,7 Ngày 7 Món,Món gì cũng có,Món nước,"465 Trần Hưng Đạo, Quận 5",Quận 5,6h-9h,40k,"T2 - Phở gà, Phở Bò; T3: Bún Mắm, Bò Kho; T4: Bún Gà, Miến Gà; T5: Bún Bò; T6: Bánh Canh; T7: Hủ tíu nam vang; CN: Bún Riêu. 
"
34, Bánh Mì nướng Muối Ớt,Bánh mì,Bánh mì,"50 Nguyễn Xuân Khoát, Tân Phú",Quận Tân Phú,16h30-22h,35k,
35,Chè Thốt Nốt Seoul,,Quán nước,,Quận 7,,,
36,Nem nướng Liên ,Nem nướng,Món cuốn,"Chợ Nguyễn Văn Trỗi, Q3",Quận 3,14h-19h,35k,
37,Bánh cuốn Quảng Đông,Bánh cuốn,Món khô,"28 Dương Đình Nghệ, Q11",Quận 11,6h-15h,35k-50k,
38,Bánh mì Cá Nục,Bánh mì,Bánh mì,"6 Hồ Xuân Hương, Phường 14",Quận Bình Thạnh,6h-19h,20-40k,
39,Bánh mì bì thịt chan nước mắm,Bánh mì,Bánh mì,Ngã 3 Nam Kỳ KN & Ngô Thời Nhiệm (Trường Marie Curie),Quận 3,5h-10h30,17k-20k,
40,Hẻm ăn vặt 284 Lê Văn Sỹ,Ăn vặt,Ăn vặt,284 Lê Văn Sỹ,Quận 3,,,
41,7 Ngày 7 Món,7 Ngày 7 Món,Món nước,"108/20A Trần Quang Diệu, P.14",Quận 3,6h-9h,35-50k,
42,Bánh Mì thịt xiên nướng,Bánh mì,Món khô,"375 Nguyễn Trãi, Q5",Quận 5,6h-10h30,13k,
43,Bánh Mì Chả bằng thịt ,Bánh mì,Món khô,"Ngã Tư Phạm Hữu Trí - Thuận Kiều, Q5",Quận 5,6h-10h,13k,
44, Cơm Tấm Hẻm Đình,Cơm tấm,Cơm,"Hẻm 241 Bến Vân Đồn, Q4 ",Quận 4,4h-9h,30-40k,
45,BBQ - Hàu chén nướng,Hàu,Nhậu nhẹt,"539 Phạm Văn Đồng, Bình Thạnh ",Quận Bình Thạnh,15h-1h khuya,bé hong biết,
46," Bánh Mì phá lấu, Bì ",Bánh mì,Bánh mì,"358/2 Lê Quang Sung, Q6",Quận 6,6h-8h; 13h-16h,15k,
47,Bánh mì Gánh siêu dài ngon,Bánh mì,Bánh mì,"31 Tân Tiến, Tân Bình (6h-11h)
",Quận Tân Bình,(6h-11h),"15-25k",
48, Lẩu Mini ,Lẩu,Lẩu,577 Sư Vạn Hạnh Q10 - 191 Ni Sư Huỳnh Tân Bình,Quận Tân Bình,10-22h,45k,
49,Bánh bèo,Bánh bèo,Ăn vặt,"211/116 Hoàng Hoa Thám, Phú nhuận ",Quận Phú Nhuận,14h-16h,30k,nhanh hết
50,Xôi nghệ sĩ ,Xôi,Món khô,"98 Minh Phụng, Q6",Quận 6,16h30-hết,20-25k,
51,Tiệm nướng Nọ trong vườn (View chill Đà Lạt),Nướng,Sang choảnh - Không gian xinh,80 Nguyễn Thái Sơn,Quận Gò Vấp,16h-,,
52,Buffet YinShi,"Lẩu & Nướng, Dimsum",Sang choảnh - Không gian xinh,"37B Đ. Cô Bắc, Phường Cầu Ông Lãnh",Quận 1,9h-21h30,239-269k,
53,Hủ tiếu mỹ tho dì 9,Hủ tiếu trứng cuộn,Món nước,"538/51 Đoàn Văn Bơ, P. 14",Quận 4,17:30 - 23:00,50k,
54,Bún bò Khánh Ngọc,Bún bò,Món nước,27/63 Điện Biên Phủ,Quận Bình Thạnh,11:00 - 22:00,30-50k,
55,"Cà phê sân vườn, ao thoải mái",Cafe,Quán nước,"1122/8/8 Quang Trung, P8",Quận Gò Vấp,7h-22h45,,
56, Bò bít tết cô út,bò,Món khô,"009 Lô K chung cư Nguyễn Thiện Thuật, Q.3",Quận 3,6h-12h,35-100k,
57,Đá me,Đá me,Quán nước,96 Cao Thắng,Quận 3,6h - 18h,18k,
58,Mì xào bò trứng non - Ga xe lửa,Mì,Món khô,"214 Nguyễn Phúc Nguyên, Q3",Quận 3,13h30-16h30,15k-20k,
59,Bánh mì thịt xiên nướng Q6 ,Bánh mì,Bánh mì,"165 Nguyễn Văn Luông, P.10, Q.6",Quận 6,14h30-17h," 15k-20k
",
60,Mì gà,Mì gà,Món nước,"440/14 Thống Nhất, P.16",Quận Gò Vấp,9h-21h,50k,
61,Xôi khâu nhục ,Xôi,Món khô,"259/263 Lã Binh Thăng, Q.11",Quận 11,6h-11h,35k,
62,Bún riêu cua (đắt khách) riêu siêu to,Bún riêu,Món nước,"219 Nguyễn Trãi, P. Nguyễn Cư Trinh",Quận 1,11h-22h,,
63, Hủ tiếu nam vang Chú Tứ ,Hủ tiếu,Món nước,"Đầu hẻm 73 Trần Bình Trọng, Q5",Quận 5,6h-22h,"35k-50k",
64,Cơm Tấm,Cơm tấm,Cơm,"25 Cô Giang, Phường Cầu Ông Lãnh",Quận 1,17h – 22h ,,
65,Hủ tiếu xí quách,Hủ tiếu,Món nước,"16/1 Lữ Gia, Q.11",Quận 11,"6-13h, 16h-22h)","45k-60k
",
66,Bún mì vàng Tiến Phát,Bún mì hủ tiếu,Món nước,177 Trần Quý,Quận 11,6h-22h,,
67,Hủ tiếu bò viên Trường Sa,Hủ tiếu,Món nước,"1046 Trường Sa, Q.3 
",Quận 3,(16-22h),45k,
68,Quán ốc Hoa Sữa 29,Ốc,Nhậu nhẹt,11 Hoa Sữa,Quận Phú Nhuận,15:00 - 23:59,,
69,Mì trộn muối ớt ,Mì,Món nước,"296 Hậu Giang, P.5, Q.6",Quận 6,12h-2h khuya,35k-45k,
70,Đá bào túi to đùng,Đá bào,Quán nước,"17 Trần Quang Khải, Tân Định",Quận 1,10h-23h,25-30k,
71,Dimsum Crystal Jade,Dimsum,Sang choảnh - Không gian xinh,Nhiều chi nhánh,Quận 1,10h-21h,,
72,Dimsum Hủ Tiếu Tân Sanh Hoạt,Hủ tiếu Dimsum,Món nước,322 Nguyễn Thị Minh Khai,Quận 3,4h-12h,25-65k,
73,Gò Da Quán,Đồ miền trung,Món khô,Hẻm 80 QL13,Quận Bình Thạnh,15h30-21h,,
74,Mì trộn Tùm Lum,Mì trộn,Món khô,"1196 CMT8, P.4",Quận Tân Bình,10h-22h,,
75,Xủi cảo Hà Tôn Quyền ,Xủi Cảo,Món khô,"162 Hà Tôn Quyền, Q11",Quận 11,15h-0h,"50k-100k
",
76,Chỗ bụi ngồi chill ngắm view,Bụi,Ăn vặt,"Qua cầu Thủ Thiêm 2 rồi rẽ phải, đến ngã ba đầu tiên rẽ phải tiếp là đến ",Quận 2,,,
77,Nem nướng Nha Trang Thiện Tâm,Nem nướng,Món cuốn,"504 Minh Phụng, P.9",Quận 11,8h-23h,,
78,Đặc sản Phan Rang 2 Phượng,"Bánh căn, bánh khọt",Món cuốn,"CC22 Trường Sơn, Cư Xá Bắc Hải, P.15",Quận 10,09:00 - 22:30,40-60k,
79,Sushi sashimi Kimochi,"Sushi, Sashimi",Sang choảnh - Không gian xinh,"167/2/5 Ngô Tất Tố, P. 22, Phường 22",Quận Bình Thạnh,10h-22h,,
80,Bánh Mì Xíu Mại Gánh - Vạn Kiếp,Bánh mì xíu mại,Bánh mì,"A2/8 Chung Cư Miếu Nổi, P.2",Quận Bình Thạnh,14:00 - 18:00,15k,
81,Gum Fastfood - Món âu,Món âu,Sang choảnh - Không gian xinh,245/1 Nguyễn Trãi,Quận 1,10h-21h30,,
82,Mì quảng O Hè,Mì quảng,Món nước,"Cuối hẻm 315 Lê Văn Sỹ, phường 13",Quận 3,06:30 - 12:30,45-50k,
83,Bánh mì Hồng,Bánh mì ba chỉ muối,Bánh mì,"311 Nguyễn Tri Phương,",Quận 10,17h30-24h,,
84,Hủ tiếu bánh canh Cầu Dừa,"Hủ tiếu, bánh canh",Món nước,"https://www.google.com/maps/place/Che%CC%80+Tro%CC%A3ng/@10.7586193,106.694403,21z/data=!4m14!1m7!3m6!1s0x31752f8a42f114ef:0x95ae0451733a83f5!2zQ8SDbiBo4buZIFRoZSBHb2xkdmlldw!8m2!3d10.7561489!4d106.6918671!16s%2Fg%2F11fw0c6q49!3m5!1s0x31752f123083c0f1:0xe27ea2baa4a2d091!8m2!3d10.7586288!4d106.6944379!16s%2Fg%2F11f54thms8",Quận 4,19h-21h,45k,
85,Tré trộn Bà Đào,Tré trộn,Ăn vặt,"85 Rạch Bung Binh, Phường 9",Quận 3,09:00 - 22:00,50k,
86,Bún thái Ni,Bún thái,Món nước,"232 Hoàng Hoa Thám, phường 5",Quận Bình Thạnh,17:00 - 22:00,45-65k,
87,Món nhật Sachi Sushi,Món nhật,Sang choảnh - Không gian xinh,"13 Đường số 10, Tân Quy, Quận 7",Quận 7,17h-22h,,
88,Bánh mì Gánh Cụ Bà (Đại gia BD),Bánh mì,Bánh mì,,,,,
89,Cơm tấm Cô Giang,Cơm tấm,Cơm,"Đối diện 27 Cô Giang, Cầu Ông Lãnh",Quận 1,16-22h,,
90,Bún thịt nướng ngon,Bún thịt nướng,Món khô,Số 1 Nguyễn Trung Trực,Quận 1,08:00 - 19:00,50-70k,
91,Làng Chài - Nem nướng nha trang,Nem nướng,Món cuốn,"52 Hoàng Diệu, p.12
15/2 Đoàn Như Hải, P.13",Quận 4,7h-21h,,
92,Bún Bò Huế O HẠNH,Bún bò,Món nước,"32 Đ. Số 10, Tân Kiểng",Quận 7,6h30-20h,35-40k,
93,Ăn vặt,"Xiên bẩn, trà sữa",Ăn vặt,"70 đường số 5, Cư Xá Bình Thới",Quận 11,,,
94,Ăn vặt,"Xiên bẩn, trà sữa",Ăn vặt,38A Nguyễn Giản Thanh,Quận 10,,,
95,Nem lụi Cô Đào,Nem lụi cuốn,Món cuốn,Hẻm 209 Lê Văn Sỹ,Quận 3,12:30 - 19:00,,
96,Cơm tấm đêm,Cơm tấm đêm,Cơm,"178 Hậu Giang, P.6",Quận 6,00:01 - 05:00 | 22:00 - 23:59,,
97,Bếp cô Linh,Cơm tấm Long xuyên,Cơm,"710/6/8 Phan Văn Trị, P.10",Quận Gò Vấp,06:30 - 09:00 | 11:00 - 18:00,35-50k,
98,Bánh mì nướng ớt đỏ Thành Công,Bánh mì nướng,Bánh mì,"50 Nguyễn Xuân Khoái, Tân Thành",Quận Tân Phú,11h-21h,20k,
99,7 Ngày 7 Món,Bún mắm,Món nước,26 Cô Giang,Quận 1,6h-11h,"T2: bún mắm
T3: Mì vịt tiềm
T4: Bún thái (hoặc bún bò huế)
T5: Cháo cá, bánh mì hấp
T6: Bún cà ri gà (hoặc hủ tiếu gà)
T7: Bò kho (Bún bò viên gân, Xíu mại tôm)
CN: Bún gói già
(Mỗi ngày đều có Bún thịt nướng - bánh hỏi - bánh nghệ)",Ngày chay nghỉ
100,K-Jeju Chicken,Món hàn (chủ yếu gà),Sang choảnh - Không gian xinh,"222 Đường D5, P.25, Bình thạnh",Quận Bình Thạnh,10:00 - 22:00,100k-300k,
101,Norang Tongdak,Món hàn (chủ yếu gà),Sang choảnh - Không gian xinh,"34 Đường số 6, Hưng Vượng 2, Tân Phong",Quận 7,00:01 - 01:00 | 11:30 - 23:59,,
102,Pháp mì gà,"Mì gà, hủ tiếu",Món nước,"440/14 Thống Nhất, P.16",Quận Gò Vấp,10:00 - 21:00,35k,
103,Cơm gà xối mỡ ngon,Cơm gà,Cơm,"702 Trường Sa, Phường 14",Quận 3,8h-18h,,
104,Chả lụi nướng Lagi,Chả lụi Lagi,Món cuốn,"21 Nguyễn Văn Nghi, Phường 4",Quận Gò Vấp,15h-22h,28k,
105,Bánh mì Cá Hàng Xanh,Bánh mì cá,Bánh mì,246D XVNT,Quận Bình Thạnh,14:00 - 23:00,,
106,Hủ tiếu Sườn sụn,Hủ tiếu,Món nước,Hẻm 618 CMT8 (Đối diện CV Lê Thị Riêng),Quận 10,17:00 - 22:00,35-50k,
107,Johnson - Tokbokki & Kimbap,Món hàn,Sang choảnh - Không gian xinh,118 Nguyễn Gia Trí,Quận Bình Thạnh,10h45-21h30,Giá sinh viên,
108,Phở trộn,Phở trộn,Món nước,"433 Hậu Giang, P,11",Quận 6,6h30-23h30,55k-60k,
109,Chicken Plus,Món hàn (chủ yếu gà),Sang choảnh - Không gian xinh,Nhiều chi nhánh,Quận Bình Thạnh,,,
110,Dimsum nổi tiếng,Dimsum,Món nước,"38B Học Lạc, P.14",Quận 5,6h-12h | 15h-21h,45k,
111,Mì quảng chuẩn vị miền Nam,Mì quảng bánh canh,Món nước,"Hẻm 85 Trần Quang Diệu, P.13",Quận 3,06:00 - 12:00,55k,
112,Miến gà trộn Đại Học Kiến Trúc,Miến trộn,Món khô,"196 Pasteur, Vo Thi Sau",Quận 3,6h-12h,25k,
113,Bò chảo Tân Định,Bò chảo,Món khô,181 Đinh Tiên Hoàng,Quận 1,06:30 - 22:00,50k,
114,Mì trộn muối ớt Bà Quàng,Mì trộn,Món nước,"40/49 Lê Thị Riêng, p.17",Quận Gò Vấp,06:00 - 22:00,35-50k,
115,Burger Trịu Viu,"Burger, Mì ý",Fastfood,"Xe 1 : 348 Tôn Dán - q.4
Xe 2 : 353 Mã Lò - Binh Tân
Xe 3 : 12 Huÿnh Thúc Kháng - q.1",Quận 4,09:30 - 22:00,40-60k,
116,Bánh bèo Cô Ba,Bánh bèo,Món khô,"123 Nguyễn Thông, P9 Quận 3",Quận 3,16h-hết,,
117,Bún bò Ngọc Nhân,Bún bò,Món nước,102 Ngô Thị Thu Minh,Quận Tân Bình,07:30 - 13:00 | 16:30 - 21:00,45-60k,
118,Bánh mì nướng muối ớt Phúc Mập,Bánh mì nướng,Bánh mì,"271 Tân Hương, Tân Quý, Tân Phú
235 Nguyễn Thái Bình, Tân Bình",Quận Tân Bình,14:00 - 21:00,27k,
119,Cơm Tấm 64A,Cơm tấm,Cơm,"64A Lý Nam Đế, P. 7, Quận 11",Quận 11,6:20 - 12:00,,
120,Buffet Cơm Chay,Cơm chay,Đồ chay,47 Bis Võ Văn Tần,Quận 3,,Mỗi tháng cứ 2 ngày mùng 1 với 15,
121,Lẩu bò 150 (Không gian cafe đẹp),Lẩu bò,Lẩu,"150 Phan Xích Long, Phú nhuận",Quận Phú Nhuận,16h-23h,200k/2 người,
122,Nấu mì Hàn Quốc tự động MYTO,Cửa hàng tiện lợi,Món khô,"20-22 Phạm Ngọc Thạch, Quận 3",Quận 3,7h-0h,,
123,Hủ tiếu gõ bình dân,Hủ tiếu,Món nước,"368 Nơ Trang Long, P.13, Bình Thạnh",Quận Bình Thạnh,,,
124,Bánh canh cua Cầu Calmette,Bánh canh cua,Món nước,"19 Calmette, Phường Nguyễn Thái Bình, Quận 1 ",Quận 1,11h - 17h ,,
125,Bánh canh của Cô Tư,Banh canh cua,Món nước,"45 Bạch Vân, P.5, Quận 5",Quận 5,14h-18h,50-100k,
126,Bún bò 25k lề đường Hai Ba Trưng,Bún bò,Món nước,Đối diện 151C Hai Bà Trưng,Quận 3,10h-hết,25k,
127,Bún riêu cua,Bún riêu,Món nước,120 Hậu Giang,Quận 6,18:00 - 23:59,50-60k,
128,Mì trộn Dách Lou,Mì trộn,Ăn vặt,75D Phú Thọ,Quận 11,10h-23h,,
129,Bánh mì xiên nướng đông khách,Bánh mì,Bánh mì,"375 Nguyễn Trãi, P.7",Quận 5,sáng sớm,15k,
130,"Ăn vặt SPEIT (mì ỳ, thịt bọc trứng)",Đồ ăn vặt xịn,Ăn vặt,349/16 Nguyễn Trãi,Quận 5,11h-22h,,
131,Xúc xích đức Leon King,Xúc xích đức,Ăn vặt,"491/32 Nguyễn Văn Công, P.3",Quận Gò Vấp,8h-21h,,
132,Bánh mì thịt nướng đông khách,Bánh mì,Bánh mì,"247 Hoàng Sa, Tân định",Quận 1,6h30-14h,,
133,Xôi Bánh Mì Cô Tuyền,Xôi - Bánh mì,Bánh mì,"82 Nguyễn Du, Bến Nghé",Quận 1,05:00 - 09:30,25k,
134,Núp Coffee & Tea,Cà phê trân châu,Quán nước,"45 Dương Đình Nghệ, P8, Q11
906 Trường Sa, P13, Q3
20 Tân Hoà Đông, P14, Q6
320 Bà Hạt, P9, Q10",Quận 10,08:00 - 22:00,40-60k,
135,Phở Thu (Phở trộn),"Phở nước, trộn",Món nước,"433 Hậu Giang, P.11",Quận 6,6h30-1h30 sáng hôm sau,,
136,Chickita - Gà nướng lửa hồng,Gà nướng,Sang choảnh - Không gian xinh,"230 Nguyễn Văn Hưởng, P. Thảo Điền,  Tp. Thủ Đức
94 Hồ Tùng Mậu, P. Bến Nghé,  Quận 1",Quận 1,10:30 - 20:45,100-300k,
137,Nem nướng - Chả lagi,Nem nướng - Chả lagi,Món khô,43/1 Tăng Bạt Hổ,Quận Bình Thạnh,15:30 - 22:00,30k,
138,The B6.Saigon,Box đồ ăn thập cẩm Hàn Quốc,Sang choảnh - Không gian xinh,"157/28D Nguyễn Gia Trí, P.25",Quận Bình Thạnh,9:00 - 22:00,2xx,
139,Bánh Mì 3 Cô - chợ Nguyễn Văn Trỗi,"Bánh mì xíu mại ngon, thịt chả",Bánh mì,"217 Lê Văn Sỹ , Phường 13, Quận 3",Quận 3,06H00 - 11H00,15k-25k,
140,Quán chay Thanh Lạc,Chay,Đồ chay,144 Nguyễn Tất Thành,Quận 4,10h30-21h,,
141,Ramen Danbo,Mì ramen,Món nước,8a/7b1 Thái Văn Lung,Quận 1,,,
142,Bún riêu vị bắc Cô Hương Béo,Bún riêu,Món nước,"110 Cao Thắng, Phường 4
19B Nguyễn Thị Minh Khai, Quận 1",Quận 3,6h - 21h30,45-60k,
143,Xủi cảo Hà Tôn Quyền ,Xủi Cảo,Món nước,"162 Hà Tôn Quyền, Q11",Quận 11,15h-0h," 50k-100k
",
144,Mì Trộn Nghèo,Mì trộn,Món khô,"42CT Tam Đảo, Q.10",Quận 10,(12h-23h),15k-35k,
145,Hẻm Trộn Ăn Vặt,Ăn vặt,Ăn vặt,"2 Nguyễn Lâm, Bình Thạnh",Quận Bình Thạnh,9h-22h,15k-60k,
146,Xôi Ngọc,Xôi ,Món khô,"101 Vạn Kiếp, Bình Thạnh ",Quận Bình Thạnh,(6-10h; 15-23h," 35k
",
147,Mì Hoành Thánh Sủi Cảo,Mì,Món nước,388 CMT8 ,Quận 3,(6-22h)," 25k
",
148,Mì Quảng Trộn Bắp Giò Cô Yến,Mì quảng,Món nước,"736/31 Cách Mạng Tháng 8, Phường 5, Quận Tân Bình, Phường 05, Quận Tân Bình, Hồ Chí Minh",Quận Tân Bình,"6-10h30; 14h30-18h30 (Thứ 6 nghỉ)","30-40k
",
149,Buffet cơm chay,Cơm chay,Cơm,"47Bis Võ Văn Tần Quận 3
",Quận 3,(10h30-14h),50k,
150,Bánh đúc hành phi,Bánh đúc,Món nước,"100/14 Thích Quảng Đức, P5, Phú Nhuận",Quận Phú Nhuận,từ 11h trưa đến hết,22-27k,
151,Lẩu Sa Tế Uyên Ương,Lẩu,Lẩu,"213 Trần Tuấn khải, P.7, Q.5",Quận 5,"170-250k",18h-23h,
152, Bún bò Huế Hoàng Sa,Bún bò Huế,Món nước,"725 Hoàng Sa, Quận 3",Quận 3,35k-50k,17h-19h,2 tiếng rất nhanh hết
153,Mì Ốc Hên Dì Lan,Mì,Món nước,"1A Cư Xá Đồng Tiến, Thành Thái ,Q.10
24 Đường Số 1, P.16, Gò Vấp
69/1/28 Nguyễn Gia Trí, P.25, Bình Thạnh
",,08:30 - 20:00,42k,
154,Bún măm Đầu Cá,Bún,Món nước,"98 Diên Hồng, Bình Thạnh",Quận Bình Thạnh,9h-20h,50k,
155, Bánh mì cụ lý,Bánh mì,Bánh mì,"189 Hai Bà Trưng, Q3",Quận 3,6h-9h,25k,
156,Bánh mì Đồng Nai,Bánh mì,Bánh mì,"70 Đồng Nai, P.15, Q.10",Quận 10,6h-13h,"17k",
157, Bún xì dầu,Bún xì dầu,Món nước,"01 Quách văn tuấn, p.12, Tân Bình",Quận Tân Bình,9h-20h,"40k
",
158,Bánh mì chiên tôm - chả giò,Bánh mì,Bánh mì,"403 Đoàn văn bơ, p13, quận 4",Quận 4,12h30-17h30,,
159,Mì quảng - Hủ tiếu mực,Mì quảng,Món nước,"243B Nguyễn Thượng Hiền, P.6, Bình thạnh",Quận Bình Thạnh,6h-20h,59k-70k,
160,Bánh mì Chả Cá Nha Trang,Bánh mì,Bánh mì,"12 Nguyễn Thị Minh Khai, Q1",Quận 1,6h-2h sáng,20k-30k,
161,"Bánh Mì Bì Thịt, Bánh Hỏi Nem Thịt Nướng",Bánh mì,Bánh mì,"22 Trần Kế Xương, Phú Nhuận",Quận Phú Nhuận,,15-35k,
162,"Bún bò Hẻm Hoàng Diệu ",Bún bò,Món nước,"243/35 Hoàng Diệu, Q4",Quận 4,,,
163,"Bánh Mì Chả Cá, Chả Ram, Chả bò Quảng Nam
",Bánh mì,Bánh mì,"05 Hoa Sứ, Phú Nhuận",Quận Phú Nhuận,,,
164,Bánh mì Heo quay - Nem Nướng - Bì,Bánh mì,Bánh mì,"Hẻm 19 Trần Bình Trọng, Bình Thạnh",Quận Bình Thạnh,6-10h,"20k
",
165,Bún Thịt Nướng Đêm,Bún thịt nướng,Món nước,"14 Vĩnh Khánh, Q.4",Quận 4,17h-3h sáng, 37k,
166,Bánh Ướt Cô Út 2H,Bánh Ướt,Món nước,"710/2 Phan Văn Trị, Gò Vấp",Quận Gò Vấp,11h30-21h30,100k,
167,Mỳ trộn thái,Mỳ trộn,Món khô,"100 Đường số 13, Tân quy, Quận 7",Quận 7,Sáng - 22h,60k,
168,Bún thịt nướng Cô Nga,Bún thịt nướng,Món khô,14 Vĩnh Khánh Quận 4,Quận 4,17h-3h sáng,"37k
",
169,Bánh mì 12k,Bánh mì ,Bánh mì,"24 lương thế vinh, tân phú",Quận Tân Phú,tối,12k,
170, Thịt xiên nướng,Thịt xiên nướng,Ăn vặt,"Trường marie curie 
159 Đ. Nam Kỳ Khởi Nghĩa, Võ Thị Sáu, Quận 3",Quận 3,tối,8k,
171,Cơm chiên ngon lạp xưởng chả,Cơm chiên,Cơm,"Ngã tư nguyễn công trứ - Yersin
349 nguyễn công trứ, Quận 1
",Quận 1,"3h30 Ngã tư nguyễn công trứ - Yersin
5h 349 nguyễn công trứ, Quận 1"," 30k
",
172,Bánh mì Kebab Lai VN,Bánh mì ,Bánh mì,752 Điện Biên Phủ,Quận Bình Thạnh,"Nghỉ CN, rằm 1-15) 6h00-12h30
",22k,
173,Bún riêu chị Lan,Bún riêu,Món nước,"41 Thái Ly, Quận 2",Quận 2,16h-21h, 25-40k,
174,"Bánh mì ca dé Hoa, Xôi sá bấu",Bánh mì ,Bánh mì,"327J Tùng Thiện Vương, Quận 8",Quận 8,"6h-8h",25 - 45k,
175,Hủ Tiếu Ngon rẻ,Hủ Tiếu,Món nước,"679/6 Vĩnh Viễn
659/7 Vĩnh Viễn",Quận 11,15:00 - 22:00,25k,
176,Xôi mặn gà gán,Xôi,Món khô,Trước trường bạch đăng Lê văn sỹ quận 3,Quận 3,,"25k
",
177,Bún bò siêu chất lượng ,Bún bò,Món nước,"273/1B Tô Hiến Thành Quận 10",Quận 10,5h - 11h tỗi,"50k",
178,Bánh xèo giòn bình thuận ,Bánh xèo,Món khô,"1 Huỳnh đình Hai, phú nhuận",Quận Phú Nhuận,15h-21h,12k,
179,"Bánh mì chiên tôm cô sen",Bánh mì,Món khô,403 Đoàn Văn Bơ,Quận 4,"12h-4h
",25 - 45k,
180,"Nem chả lụi",Nem,Món khô,21 Nguyễn Văn Nghi Gò Vấp,Quận Gò Vấp,15h-22h,35k,
181,Bánh mì bơ Campuchia,Bánh mì ,Bánh mì,"175 Cống Quỳnh",Quận 1, 5.000đ - 15.000đ, 5.000đ - 15.000đ,
182,Hủ tiếu Thái Lan Hihi,Hủ tiếu,Món khô,"225/7 Nguyễn Đình Chiểu, Quận 3 ",Quận 3,10h-21h30,35k,
183,Bánh xèo tôm nhảy ,Bánh xèo,Món khô,"104 Nơ Trang Long, Bình thạnh",Quận Bình Thạnh,09:00 - 22:00,30k,
184,"
Hủ tiếu xóm chiếu nhiều topping",Hủ tiếu,Món nước,"Hẻm C13 (Đối diện Circle K trường tiểu học xóm chiếu)
 số 9 Tôn Đản, P. 13, Q.4, Tp. HCM.",Quận 4,Chiều - tối,,
185, Bún Bò Sông Hương, Bún Bò,Món nước,"123 Trần Quốc Thảo, Quận 3",Quận 3,"6-10h",60k,
186,Lẩu nướng bò ba lão,Lẩu nướng,Lẩu,993 Hoàng Sa,Quận Bình Thạnh,16-22h,20.000đ - 200.000đ.,
187,Hủ tiếu Dê GIA ĐẠT,Hủ tiếu,Món nước,"111 Thái Phiên, P.2, Q.11",Quận 11,"6h - 10h30
",40.000đ - 120.000đ.,
188, Tré trộn đặc biệt ,Tré trộn,Ăn vặt,Góc đường Nguyễn Thị Minh Khai - Trương Định ,Quận 3,"17h",80k,
189," Má heo nướng, lẩu
","nướng, lẩu",Lẩu,"51 Đường Số 10, Linh Trung, Thủ Đức",Thủ Đức,,,
190,Bún Mộc A Chảy,Bún mộc,Món nước,"2028 Phạm Thế Hiển, Quận 8",Quận 8,23-8h, 50-60k,
191,"Cá Viên Lữ Gia",Cá,Món khô,"20i Lạc Long Quân, Quận 11",Quận 11,,,
192,Bơ bán bò Xemisxis,"Bò nướng, các thứ món về bò",Sang choảnh - Không gian xinh,"203 Lê Văn Việt, Phường Hiệp Phú, Thành phố Thủ Đức 
▪️ CC26 Trường Sơn, Phường 15, Quận 10 
▪️ 31E Lý Tự Trọng, Phường Bến Nghé, Quận 1",Quận 1,17g00-22g00,"Combo 450k 2 người
",
193,SUPER BÒ,"Bò nướng, các thứ món về bò",Nhậu nhẹt,"175 Nguyễn Văn Tiết, Hiệp Thành, Thủ Dầu Một
📍88 đường D4, Chánh Nghĩa, Thủ Dầu Một
📍95 Nguyễn Văn Tiết, Lái Thiêu, Thuận An
📍23 đường GS1, Đông Hoà, Dĩ An
📍447E Lê Văn Việt, Tăng Nhơn Phú A, Quận 9
📍254 Hoàng Diệu 2, Linh Chiểu, TP Thủ Đức",,17:00-22:00,,
194,Bánh Mì 179 ,Bánh mì,Bánh mì,"179 Xóm Chiếu, Quận 4",Quận 4, 16-21H,20-25k,
195,Bún bò Food By K (quán xinh),"Bún bò, lẩu sườn sụn",Món nước,"17A Nguyễn Thị Minh Khai, P. Bến Nghé",Quận 1,07:00 - 21:00,65-80k,
196,Bánh mì sườn sụn,Bánh mì,Bánh mì,"118B Nguyễn Thần Hiến, Quận 4",Quận 4,15h-22h,10.000đ - 30.000đ,
197,Bún Riêu Hà Nội ,Bún Riêu ,Món nước,"110 Cao Thắng, Quận 3",Quận 3,08:00 - 21:30,15.000đ - 80.000đ,
198,"Cơm Bình Nga",Cơm,Cơm,"349 Nguyễn Công Trứ, Quận 1",Quận 1, 16:00 - 23:59,30.000đ - 65.000,
199,"Phở Thu",Phở,Món nước,"433 Hậu Giang, P.11, Quận 6",Quận 6,6h30-11h30,,
200,Phở Phan Bội Châu ,Phở,Món nước,"17B Phan Bội Châu, Bình Thạnh",Quận Bình Thạnh,5h-24h,60k,
201, Bánh Mì Chả Cá,Bánh mì,Bánh mì,"Dối diện 27 Cô Giang, Quận 1",Quận 1,18h-2h sáng,20k,
202," Bánh Mì","Bánh Mì
",Bánh mì,"1B Tân Hoà Đông, Quận 6
",Quận 6,07:00 - 09:00,25.000đ - 30.000đ,
203, Lẩu tôm hùm đại dương,Lẩu,Lẩu,"67 Lê Trung Nghĩa, Tân Bình",Quận Tân Bình,từ 5h chiều,"140k",
204,Chú béo BBQ,Nướng,Sang choảnh - Không gian xinh,"16 Đồng Nai, Phường 15, Quận 10, Thành phố Hồ Chí Minh",Quận 10,từ 5h chiều,139k,
205,"Bánh mì gánh xíu mại, chả","Bánh mì gánh xíu mại, chả",Bánh mì,Ngã ba Vũ Huy Tấn + Vạn Kiếp (cafe nghệ sĩ),Quận Bình Thạnh,14:00 - 17:30,15k,
206,Bún bò O Thuỷ,Bún bò,Món nước,"220/5 Lê Văn Sỹ, P. 14",Quận 3,06:30 - 20:00,60-80k,
207,bún bò cô Cúc,Bún bò,Món nước,Chợ Nguyễn Văn Trỗi,Quận 3,14h - 18h,50k,
208,Xuân Huỳnh - Trà Sữa & Trái Cây Tự Chọn,Trái cây,Ăn vặt,"244A Lê Quang Sung,",Quận 6,13:30 - 21:00,35-40k,
209,Bún Cá Hạnh Béo,Bún cá chấm chiên giòn,Món nước,"88 Phan Xích Long, P. 3",Quận Bình Thạnh,07:30 - 21:30,50-60k,
210,"TỔNG HỢP CÁC CON PHỐ ĂN UỐNG TẠI SÀI GÒN 🍜🍜

1. Phố ẩm thực Nguyễn Thượng Hiền

2. Phố ẩm thực Khu đô thị Vinhomes Grand Park

3. Phố Ẩm Thực Đài Loan raohe

4. Hẻm 76 Hai Bà Trưng

5. Hẻm 200 Xóm Chiếu

6. Hẻm 177 Lý Tự Trọng

7. Phố ăn vặt An Dương Vương

8. Phố ẩm thực Phan Xích Long 

#mammamsaigon",,,,,,,
211,Bánh Mì Thịt Nướng - Nguyễn Trãi,Bánh mì thịt nướng,Bánh mì,"39 Đ. Nguyễn Trãi, Phường Phạm Ngũ Lão",Quận 1,17:00 - 19:30,28k,
212, THANH TÂM - BÒ NHÚNG MẮM RUỐC,,Lẩu,"1346 CMT8, P.Phú Thọ, TP. Thủ Dầu Một",,16H - 21H,200k,
213,Quán chị 7,Bò nhúng mắm ruốc - lẩu bò,Lẩu,"D15 Cư Xá Phú Lâm B, P. 13, Quận 6, TP. HCM",Quận 6,,,
214,Lẩu Bò Nhúng Mắm Ruốc Bếp Ông Lập,Bò nhúng mắm ruốc - lẩu bò,Lẩu,"591 Cách Mạng Tháng 8, P. 15,  Quận 10,
292A - 292B Trần Phú, P. 8, Quận 5, TP. HCM
75 Trường Sơn, P. 15, Quận 10",Quận 10,09:00 - 22:00,300k,
215,BÚN THÁI CHỢ CAO ĐẠT,Bún mắm,Món nước,"Chợ Cao Đạt, 197 Cao Đạt, Phường 01",Quận 5,8H-15H,,
216,LẨU MẮM ĐIỆN BIÊN PHỦ,Lẩu mắm,Lẩu,197 Điện Biên Phủ,Quận Bình Thạnh,,,
217,BÚN MẮM BẠCH TUỘC,Bún mắm,Món nước,"198/18 Dương Bá Trạc, Phường 2,",Quận 8,6h sáng đến hết,,
218,BÚN MẮM HEO QUAY DA GIÒN,Bún mắm,Món nước,"56 Đường số 10, phường Tân Quy",Quận 7,6H-21H,,
219,BÚN THÁI CÁ HỒI HỒNG KÔNG,Bún thái,Món nước,032 Lô E Cc Nguyễn Thiện Thuật,Quận 3,8h - 17h,55-65k,
220,BÁNH MÌ CHẢO ĐẶNG TRẦN CÔN,Bánh mì chảo,Bánh mì,"8 Đặng Trần Côn, Q.1, HCM",Quận 1,4:00-11:00,48k,
221,Bún thịt nướng buổi sáng,Bún thịt nướng,Món khô,"205 Lạc Long Quân,P3 , Q11",Quận 11,5h30_9h30,15k-25K,
222,Bún thịt nướng sốt đậu miền Trung,Bún thịt nướng,Món khô,"64 Hồng Hà, Phường 02, Quận Tân Bình, Hồ Chí Minh",Quận Tân Bình,8:30 - 21:30,40-45,
223,Tré trộn Kiều Quách,Tré trộn,Nhậu nhẹt,"27 đường 302 Bông Sao, Phường 5, Quận 8",Quận 8,16h-20h,,
224,Bò La Lốt Hoa Trang,Bò là lốt,Món khô,"100b Thích Quảng Đức, Phường 5, Phú Nhuận",Quận Phú Nhuận,15h-21h,,
225,"Ăn + trà sữa, giá bình dân",Ăn vặt,Ăn vặt,"152/15 Vĩnh Viễn, P.9",Quận 10,15h-22h,,
226,"Bánh flan, rau câu Bờ kè Hoàng sa","Bánh flan, rau câu",Tráng miệng,893 Hoàng Sa,Quận 3,15:30 - 22:00,10k,
227,"Lẩu Xí Quách, Có hủ tiếu mì",Lẩu xí quách,Lẩu,"Hẻm 90 Nguyễn Thị Tần, P. 2,",Quận 8,04:00 - 08:00 | 16:00 - 20:00,"120-170k, hủ tiếu 40-50k",
228,Bún Thái - Kiểu Hongkong,Bún thái,Món nước,"456 Sư Vạn Hạnh, P. 9, ",Quận 10,07:30 - 13:30 | 16:00 - 21:30,50k-70k,
229,Cơm tấm Nạc giòn,Cơm tấm,Cơm,"33/16 Nguyễn Đình Chính,  Quận Phú Nhuận, T",Quận Phú Nhuận,05:30 - 11:00,45-60k,
230,Hột vịt lộn Hoàng Vân,Hột vịt lộn,Ăn vặt,"2B Bàn cờ, ",Quận 3,15h - 22h,"Bình dân, cút lộn, hột vịt lộn",
231,"Thằng Đậu - Bún Bò, Lẩu Bò",Lẩu bò,Lẩu,"566 Sư Vạn Hạnh, P. 10,  Quận 10",Quận 10,06:00 - 23:00,250-300k,
232,Cà phê Nghèo (có bánh bông lan ngọn),Cà phê quán cốc chill,Quán nước,"441/7 Nguyễn Đình Chiểu, P. 5,  Quận 3,",Quận 3,15h-12h khuya,25-30k,
233,Bò Cô Ri - Thành Thái,"Bò nướng, lẩu bò mắm ruốc",Sang choảnh - Không gian xinh,5 Thành Thái,Quận 10,07:00 - 23:00,200-300k,
234,Bún cá Chấm giòn,Bún cá chấm,Món nước,"5 Thành Thái, P. 14,  Quận 10",Quận 10, 07:00 - 23:00,55-60k,
235,Phở bò viên Đào,Phở,Món nước,C13 Tôn Đản,Quận 4,17h-2h,,
236,Bánh canh cua ngon Quận 1,Bánh canh cua,Món nước,87 Trần Khắc Chân,Quận 1,11h-22h,,
237,Bánh mì Bì xíu mại Quận 7,Bánh mì,Bánh mì,"Ngã tư đường số 10 và 17, Tân kiểng",Quận 7,6h30-10h,22k,
238,Bánh mì Chị Trang,Bánh mì,Bánh mì,82 Tân Khai,Quận 11,6h-11h,15k-25k,
239,Xôi Lan Anh,Xôi mặn,Bánh mì,Chợ Phùng Hưng,Quận 5,6h-10h,,
240,Bún đậu Bếp Xưa,Lẩu riêu cua,Món khô,79 Lê Văn Duyệt,Quận Bình Thạnh,7h-23h,150-200k,
241,Vua Đậu - Bún đậu nhà vua,Bún đậu,Món khô,Nhiều chi nhánh,Quận 10,10:00 - 21:51,50-60k,
242,Thịt xiên nướng - Cơm Lam,Thịt xiên nướng,Món khô,"48 Đồng Đen, P.12",Quận Tân Bình,16h-22h,12k-20k,
243,Lẩu bò mang về,,,,,,,
244,Osaka Ramen,Mì Ramen,Món nước,64 Nguyễn Thời Trung,Quận 5,11:00 - 22:00,50-60,
245,Cơm Tấm Hồng Cầu Calmette,Cơm tấm,Cơm,,,,,
246,Quán Ốc Cô gái có râu,Ốc,Nhậu nhẹt,,,,,
247,Bún thịt nướng Hằng (nước mắm củ kiệu),Bún thịt nướng,Món khô,"338 Đ. Nguyễn Công Trứ, Phường Nguyễn Thái Bình",Quận 1,12h-18h,40k,
248,Young Dabang,Đồ hàn,Sang choảnh - Không gian xinh,"147 Nguyễn Đức Cảnh, phường Tân Phong, Quận 7
19M KDC Miếu Nổi đường Vũ Huy Tấn, Phường 03, Quận Bình Thạnh",Quận Bình Thạnh,11h - 22h,300k,
249,Bánh canh Bò viên,Bánh canh,Món nước,"29 Đ. Nguyễn Văn Nguyễn, Phường Tân Định",Quận 1,11h-19h,30-40k,
250,Ốc Ti,Ốc,Nhậu nhẹt,"18 Lô D Chung cư Nguyễn Thiện Thuận, Phường 1, Quận 3",Quận 3,00:01 - 01:00 | 15:30 - 23:59,Bình dân,
251,Bít tết 015,Bò beefsteak,Món khô,015F Chung cư Ấn Quang,Quận 10,08:00 - 21:00,Sinh viên,
252,Bún bò huế O Xíu,Bún bò,Món nước,"102 Trần Quang Khải, P. Tân Định, Q. 1",Quận 1,15H00 - 03H00,40K - 60K/Phần,
253,Cơm Tấm Hẻm 33,Cơm tấm,Cơm,"33/16 Nguyễn Đình Chính, phường 8, Phú Nhuận",Quận Phú Nhuận,05:30 - 11:00,40-60k,
254,Tré trộn Út Vân,Tré trộn,Nhậu nhẹt,"152 Nguyễn Thượng Hiền, P. 4,  Quận 3",Quận 3,10:00 - 17:00 ,50k,
255,Tré trộn Cô Bé,Tré trộn,Nhậu nhẹt,"306 Nguyễn Thượng Hiền, P. 4,  Quận 3",Quận 3,08:00 - 21:00,50k,
256,Xôi Mặn Bắc Chuẩn Vị,Xôi mặn,Bánh mì,"180 Ký Con, P. Nguyễn Thái Bình,  Quận 1",Quận 1,06:30 - 13:00 | 16:00 - 21:00,40-60k,
257,Bánh bèo Huế chợ Bến Thành,Bánh bèo,Ăn vặt,Cửa 7 Chợ Bến Thành,Quận 1,7h-17h,23k,
258,Hủ tiếu gà Gò Công,Hủ tiếu,Món nước,"1B Đường số 10, Tân Quy, Quận 7",Quận 7,6h-22h,40-60k,
259,Bánh mì Bì Nem Xe Đạp,Bánh mì,Bánh mì,"14h bắt đầu đi từ Phan Châu Trinh xuống Cô Giang, Hoàng Văn Thụ, rồi về Huỳnh Thúc Kháng",Quận 1,14h,15k,
260,Cơm Tấm Đề Thám,Cơm tấm,Cơm,"272 Đề Thám, P. Phạm Ngũ Lão, Q.1",Quận 1,9h - 1h ság,50k,
261,Bún Riêu Cô Út,Bún riêu,Món nước,"219 Nguyễn Trãi, Nguyễn Cư Trình",Quận 1,11h-22h,30k,
262,Bánh mì Xíu mại ngon,Bánh mì,Bánh mì,1A Hồ Văn Huê,Quận Phú Nhuận,"sáng, số lượng có hạn",30-100k,
263,Bún thịt nướng sốt đậu Tây Sơn,Bún thịt nướng,Món khô,"314 Nguyễn Thái Sơn, phường 4",Quận Gò Vấp,06:00 - 10:00 | 15:00 - 22:00,30-40k,
264,Bún Đậu Nhà Vua,Bún đậu,Món khô,"63 Bình Thới, P. 11,  Quận 11",Quận 11,10:00 - 22:20,50-60k,
265,Bún cá Kiên Giang,Bún cá,Món nước,251/5 Nguyễn Thiện Thuật,Quận 3,6h-18h,35k,
266,Bún mắm Kim Hoa,Bún mắm,Món nước,"Chợ Nguyễn Tri Phương, Quận 10",Quận 10,,,
267,Phở bê Thanh Đa (Không gian sáng SG cuối tuần),Phở,Món nước,"21-23 Hoàng Sa, Đa Kao",Quận 1,6h-13h,70k,
268,Miến măng vịt,Miến vịt,Món nước,181 Bùi Thị Xuân,Quận Tân Bình,11h-21h,50k,
269,Bún mọc Hiếu Hiền,Bún mọc,Món nước,"23/2 Hoàng Sa, Đa Kao",Quận 1,6h-13h,45k,
270,Mì bò hầm Đài Loan,Mì bò hầm,Món nước,Hẻm 80 Lê Hồng Phong,Quận 5,09:30 - 21:00,60-70k,
271,Bánh canh Cá Lóc 25k,Bánh canh,Món nước,340 Nguyễn Sơn,Quận Tân Phú,6h-12h ; 16h-23h,25k,
272,Bánh canh Cá Lóc Quảng Trị O Hiền ngon 30k,Bánh canh,Món nước,12/20 Phạm Văn Hai,Quận Tân Bình,12h-19h,30k,1-15 nghỉ
273,Hoành thành lá nước tôm khô,Hoành thánh,Món nước,"Hẻm 66 Lãnh Binh Thăng, Phường 13, Quận 11",Quận 11,14h30,,
274,Vua Mì (Không gian quán ok),Mì bò Đài Loạn,Món nước,"76 Đường D5, Bình Thạnh",Quận Bình Thạnh,11:00 - 23:59,6-70k,
275,Dimsum - Trà sữa (View Resort),Dimsum - Trà sữa,Món khô,"89A Nguyễn Đình Chiểu, P. Võ Thị Sáu",Quận 3,08:00 - 22:00,50-60k,
276,Baito Ramen (Không gian nhật Giá rẻ),Mì Ramen,Món nước,C24/7 Xóm Chiếu,Quận 4,16h30-21h30,45-60k,
277,Hủ tiếu Mì Thập Cẩm (Tặng Xí quách),Hủ tiếu,Món nước,"160 Phạm Phú Thứ, P.4",Quận 6,6h-21h,43-53k,17h-21 Tặng xí quách
278,Bánh canh cua Ba Lúa (chất lượng),Bánh canh cua,Món nước,206 Tôn Đản,Quận 4,07:00 - 22:00,50k,
279,Cơm tấm Mai cua,Cơm tấm,Cơm,"185 Trần Bình Trọng, P.3",Quận 6,18h-23h30,35k-50k,
280,Bánh tráng Cuốn thịt heo Hoàng Bèo,Bánh tráng cuốn,Món cuốn,"Căn 06, Lô C, CC Phạm Viết Chánh, P. 19",Quận Bình Thạnh,07:00 - 23:00,60k-70k,
281,Bánh tráng Cuốn thịt heo Hoàng Bèo,Bánh tráng cuốn,Món cuốn,"12L, Nguyễn Thị Minh Khai, Ph. Đa Kao",Quận 1,07:00 - 23:00,60k-70k,
282,Bánh tráng Cuốn thịt heo Hoàng Bèo,Bánh tráng cuốn,Món cuốn,"216 Nguyễn Oanh, Phường 17, Gò Vấp",Quận Gò Vấp,07:00 - 23:00,60k-70k,
283,Bún đầu Tiến Vua 86k 2 người,Bún đậu,Món khô,"29 Thành Thái, P. 14,  Quận 10,",Quận 10,10:00 - 21:51,86k,
284,Lẩu Cá & Nướng BBQ A Mín,Lẩu cá,Lẩu,"333 Vĩnh Khánh, P. 8,  Quận 4",Quận 4,16:00 - 23:59,150k,
285,Kem Chiên,Kem Chiên,Tráng miệng,177 Hải Thượng Lãn Ông,Quận 5,18h-22h,,
286,Cơm Gà Xối Mỡ Su Su,Cơm gà xối mỡ,Cơm,"117/1D Cống Quỳnh, P. Nguyễn Cư Trinh,  Quận 1",Quận 1,11:00 - 21:00,50k,
287,Cơm tấm dễ thương 25k,Cơm tấm,Cơm,"641 Đoàn Văn Bơ, Phường 18, Quận 4",Quận 4,5h-9h,từ 25k,
288,"Flan, Chè, Bánh bèo, Bột lọc Hoài Thương",Ăn vặt,Ăn vặt,10 Cô Giang,Quận Phú Nhuận,10:00 - 20:00,từ 20k,
289,Lẩu bò kho Xương ống,Lẩu bò,Lẩu,"207/6 Trần Bình Trọng, ",Quận 5,16h30-22h,160k,
290,Xôi mặn Heo Quay,Xôi mặn,Bánh mì,509 CMT8,Quận 10,16h-23h,25-35k,
291,Tất Ký Mì Gia,Mì thập cẩm,Món nước,499/4A CMT8,Quận 10,7h-11h (T3-CN) ; 16h-23h (t2-CN),,
292,Bánh tráng trộn mỡ hành,Bánh tráng trộn,Ăn vặt,"1005/71 Nguyễn Kiệm, P3",Quận Gò Vấp,14h-22h,,
293,"Chuỗi ăn vặt, bánh tráng, trà sữa",Ăn vặt,Ăn vặt,152/12 Vĩnh Viễn,Quận 10,16h-22h,Sinh viên,
294,Phá Lấu Giò Heo Kha Thi,Phá lấu,Món khô,211 Phạm Văn Chiêu,Quận Gò Vấp,9h-20h,,
295,Cơm tấm Xí Muội - Nem nướng buôn mê,Cơm tấm,Cơm,"1090 Lạc Long Quân, P.8, Tân Bình",Quận Tân Bình,"Cơm tấm: 7h - 19h (T2-T7) ; 7h - 15h (Chủ Nhật)
Nem nướng: 16h - 21h",35-50k,
296,Lẩu bò Campuchia,Lẩu bò,Lẩu,"128 Vườn Chuối, p.4",Quận 3,16h-22h,170k,
297,Nướng Lẩu Zaka 79,Nướng lẩu,Lẩu,"16 Trường Chính, P.4",Quận Tân Bình,15h-23h,79k-150k,
298,Bún Riêu Cua 30 Năm,Bún riêu,Món nước,"384/22 Nam Kỳ Khởi Nghĩa, Phường 8",Quận 3,9h tới 13h,30k,
299,Hủ tiếu Ngã tư Nơ Trang Long - Nguyễn Xí,Hủ tiếu,Món nước,,Quận Bình Thạnh,,30k,
300,Gòn BÚN CHẢ bà Khách,Bún chả,Món nước,3 Hậu Giang,Quận Tân Bình,8h-22h,45k,
301,Gòn BÚN CHẢ bà Khách,Bún chả,Món nước,Lê Văn Duyệt,Quận Tân Bình,8h-22h,45k,
302,Bánh mì Tăng,Bánh mì,Bánh mì,"822 Nguyễn Trãi, quận 5",Quận 5,5h30-23h30,20k,
303,Aroy Thái,Mì - Hủ tiếu thái,Món nước,"60/1 Lý Chính Thắng, Quận 3",Quận 3,7h-21h,45-65k,
304,Aroy Thái,Mì - Hủ tiếu thái,Món nước,86 Hoa Cúc,Quận Phú Nhuận,7h-21h,45-65k,
305,"Cơm Tấm Ba Há, Đồ ăn khổng lồ",Cơm tấm,Cơm,"389 Hưng Phú, P. 9, Q. 8",Quận 8,16-19h30,8-90k,
306,"Bánh Mì Xíu Mại Phô Mai Trứng Muối, Bò Nướng, Nem",Bánh mì,Bánh mì,"356 Bùi Hữu Nghĩa, P. 14",Quận Bình Thạnh,"06H00 - 10H00 , 16H00 - 21H00",20-25k,
307,Bánh Canh Cua Oanh,Bánh canh,Món nước,"80 Văn Cao, P. Phú Thọ Hòa",Quận Tân Phú,09:00 - 22:00,45-55k,
308,Bún thịt nướng Bà Năm,Bún thịt nướng,Món khô,"108/20B Trần Quang Diệu, P. 14",Quận 3,06:00 - 12:00,35k,
309,Mì Khô Xá Xíu Gia Phúc,Hủ tiếu mì,Món nước,"198B Xóm Chiếu, P. 14",Quận 4,16:00 - 22:30,35k,
310,Lẩu bò kho Campuchia,Lẩu bò kho,Lẩu,"128 Vườn Chuối, P. 4",Quận 3,15:00 - 23:00,170k,
311,Bach Hoa Lẩu,,Sang choảnh - Không gian xinh,,,,,
312,Quán mì hủ tiếu Đài Loan (Bún bò viên Tân Phát),Hủ tiếu mì,Món nước,"404 Trần Phú, P.7",Quận 5,09:00 - 21:00,40-55k,
313,Chill Thái,Buffet lẩu,Sang choảnh - Không gian xinh,Nhiều chi nhánh,Quận 1,,159-239k,
314,Sủi cảo Liên Xô,Hủ tiếu mì,Món nước,"104 Mạc Vân, p.12, Q.8",Quận 8,11h đến hết,30-45k,
315,Hủ Tiếu Cá Tài Ký,Hủ tiếu cá,Món nước,"185A Tân Sơn Nhì, P. Tân Sơn Nhì,  Quận Tân Phú, TP. HCM",Quận Tân Phú,06:00 - 12:00,40-55k,
316,Miì trộn khô Hồng kong,Mì trộn khô,Món khô,"684/24 Trần Hưng Đạo, P2, Q5",Quận 5,,từ 55k,
317,Bún riêu,Bún riêu,Món nước,1348 Trường Sa Tân Bình,Quận Tân Bình,Đóng cửa lúc 18h,từ 28k,
318,Cơm tấm,Cơm tấm,Cơm,641 Đoàn Văn Bơ,Quận 4,5:00 - 9:00,25k,
319,Bánh Flan Hoài Thương,Ăn vặt,Ăn vặt,10 Cô Giang,Quận Phú Nhuận,10:00 - 22:00,10k-30k,
320,Bánh ướt Dì Năm,Ăn vặt,Ăn vặt,1 Khánh Hội,Quận 4,6:00 _ 10:00,30k,
321,Lẩu mắm Út Nhàn,Lẩu,Lẩu,"409 Phạm Văn Đồng, phường 11",Quận Bình Thạnh,15:00 - 22:00,295k,
322,Quán Ù Pa,Ăn vặt,Ăn vặt,"9A Nguyễn Án, P. 11",Quận 5,14:00 - 22:00,5k-19k,
323,Bún bò Cô Hạnh,Bún bò,Món nước,"190-192 Hà Tôn Quyền, Phường 6",Quận 11,06:30 - 11:00,25k-30k,
324,Ramen Tomidaya,Mì ramen,Món nước,"68 Phạm Viết Chánh, phường 19",Quận Bình Thạnh,11:30-14h   17h-21h,50k-220k,nghỉ t5 hàng tuần
325,Hủ Tiếu Gà - Vĩnh Nam,Hủ tiếu,Món nước,"43 Vĩnh Nam, P. 11",Quận 8,13:00 - 21:00,5k-40k,
326,Ốc Táo,Ốc,Nhậu nhẹt,"80 Đường Số 28, P. Tân Phong",Quận 7,00:01-02:00 | 16:00-23:59,50k-200k,
327,Sủi cảo Huy Ngân,Sủi cảo,Món nước,"538 Lý Thái Tổ, P. 10",Quận 10,10:00 - 22:00,35k-50k,
328,Trà sữa A Chà,Trà sữa,Ăn vặt,"140 Châu Văn Liêm, P. 11",Quận 5,10:00 - 22:00,15k-30k,
329,Bò né 2 Péo,Cơm tấm,Cơm,"69/2/44 Nguyễn Gia Trí, P. 25",Quận Bình Thạnh,10:00 - 14:00,10k-55k,
330,Chè Thạch Xanh,Chè,Ăn vặt,"91 Lý Thường Kiệt, P.7",Quận 10,18:00 - 21:00,14k,
331,Hồng trà dì Anh,Hồng Trà,Ăn vặt,70 Đường số 5 - Cư xá Bình Thới phường 8,Quận 11,9h15h - 23h30,16k-25k,
332,Tiềm Ngã Ba Đường,Ăn vặt,Ăn vặt,"Y12 Hồng Lĩnh, P. 15",Quận 10,13:00 - 22:00,30k,
333,Gà nướng cô gái Ấn,Gà nướng,Nhậu nhẹt,"45A Ung Văn Khiêm, P. 25",Quận Bình Thạnh,15:30 - 23:59,5k-130k,
334,Khanh - Bánh Khọt Vũng Tàu,Bánh khọt,Món khô,"7 Đồng Nai, P. 15",Quận 10,10:00 - 21:00,15k-50k,
335,Cơm Cu Hải,Cơm bò,Cơm,"189B/A30 Cống Quỳnh, P. Nguyễn Cư Trinh",Quận 1,00:01-02:00 | 16:30-23:59,70k-90k,
336,O Hè,Bún bò huế,Món nước,"315/30 Lê Văn Sỹ, P. 13",Quận 3,06:30 - 12:30,45k-50k,
337,Tiệm mì Chọn Tui,Mì,Món nước,"292 Tô Hiến Thành, P. 15",Quận 10,07:30 - 21:15,15k-45k,
338,Bánh mì Bùi Thị Xuân,Bánh mì và sữa bắp,Món khô,"122E Bùi Thị Xuân, P. Phạm Ngũ Lão",Quận 1,05:30 - 01:00,20k-30k,
339,Shabu Ya - Vạn Hạnh Mall, Lẩu Nhật,Lẩu,"Tầng 6,  19 Tầng 6 Vạn Hạnh Mall, 11 Sư Vạn Hạnh, P. 12",Quận 10,10:00 - 21:30,138k-238k,
340,Má heo Ngọc Yến,Má heo,Nhậu nhẹt,"51 đường số 10, Phường Linh Trung",Thủ Đức,8:00 - 00:00,60k-120k,
341,Bánh Canh Trảng Bàng,Bánh canh,Món nước,"439-441 Nguyễn Tri Phương, P. 8",Quận 10,10:00 - 22:00,30-60k,
342,Bún bò cô Đào,Bún bò,Món nước,"22A Điện Biên Phủ, Phường 15",Quận Bình Thạnh,06:00-10:30,43k,
343,Đồi Thái,Lẩu thái,Lẩu,36 Chu Mạnh Trinh P. Bến Nghé,Quận 1,09:00 - 22:00,149k,
344,Bánh Tráng Trộn Nhà Thờ Cha Tam,Bánh tráng trộn,Ăn vặt,"25 Học Lạc, Phường 14 (Trước Cửa Nhà Thờ)",Quận 5,21:30 - 2:00,18-36k,
345,Chú Mập Thanh Đa,Trà sữa ,Ăn vặt,"183 Bình Quới, P. 28",Quận Bình Thạnh,11:00 - 19:00,15-25k,
346,Trà Chanh Con Cá,Trà chanh,Quán nước,"321 Tôn Đản, P. 15",Quận 4,09:30 - 21:30,5-33k,
347,Cô Hằng Thịt Nướng,Bún thịt nướng,Món khô,"Hẻm 710/2 Phan Văn Trị, P. 10",Quận Gò Vấp,07:00 - 21:00,37-80k,
348,Tân Hương Nam Quán,Mì sụn Bạc Liêu,Món nước,"382 Bà Hạt, P.8",Quận 10,08:00 - 22:00,25-80k,
349,Mạ Tôi - Bánh Canh Cua,Bánh canh cua,Món nước,"86 Vạn Kiếp, P. 4",Quận Bình Thạnh,15:00 - 21:00,22-40k,
350,STEAK FRITES SAIGON,Steak và spaghetti,Sang choảnh - Không gian xinh,"7/96 Thành Thái, P. 14",Quận 10,10:00-14:00 | 18:00-21:00,150k,
351,Ốc Bông,Ốc,Ăn vặt,"260 Nguyễn Tiểu La, P.8",Quận 10,16:00-23:00,60-100k,
352,Cơm Chiên Bé Tám,Cơm chiên,Cơm,"246 Nguyễn Công Trứ, P. Nguyễn Thái Bình",Quận 1,00:01-01:00 | 18:30-23:59,30-55k,
353,Món Huế,"Bún bò Huế, Bánh bèo Huế",Món nước,"26A Hoàng Hoa Thám, P. 7",Quận Tân Bình,06:30 - 14:00 | 16:00 - 21:00,30-50k,
354,Thanh Tâm Ký,Bò Kho & Hủ Tiếu Mì,Món nước,51 Trần Hữu Trang,Quận Phú Nhuận,05:30 - 13:30,20-30k,
355,Cô Tám,Bánh Mì Nướng Muối Ớt,Bánh mì,"56T Lê Quang Sung, P. 6",Quận 6,09:00 - 22:00,15-20k,
356,An An,bánh mì chảo,Bánh mì,"282/1  Nguyễn Gia Trí, phường 25",Quận Bình Thạnh,06:00 - 22;00 ,27-69k,T6 hãng tuần đồng giá 20k
357,Quán Sương,Bánh canh/bún chả cá,Món nước,"1181 Lê Văn Lương, Xã Phước Kiển",Huyện Nhà Bè,07:00 - 21:00,20-25k,
358,Mì Gà Xá Kén K3,Mì gà ,Món nước,"82 Đường Đồng Đen, P. 14",Quận Tân Bình,06:30 - 12:00 | 16:30 - 21:00,50-99k,
359,Lẩu Xưa 139k,Lẩu,Lẩu,292/1 Nguyễn Xí Phuờng 13,Quận Bình Thạnh,,139-219k,
360,Quán Hào 598,Ốp La Bò Sốt Tiêu Đen,Món khô,"004 Lô F Chung Cư Xóm Cải Mạc Thiên Tích, P. 8",Quận 5,09:00 - 22:00,40k,
361,Bánh Ướt & Bánh Cuốn,Bánh ướt/cuốn,Món nước,"752/53 Lạc Long Quân, P.9",Quận Tân Bình,15:00 - 20:00,30-40k,
362,Quán cháo,Cháo đủ loại ,Món nước,"108 Trần Văn Quang, P.10",Quận Tân Bình,16:00 - 21:00,20-30k,
363,Quán lẩu bò kho xương ống,Lẩu bò kho,Lẩu,207/6 Trần Bình Trọng ,Quận 5,16h30 đến hết,180k,
364,Hủ tiếu Dì Hai,"Hủ tiếu, bánh canh",Món nước,266/98 Tôn Đản,Quận 4,11:00 - 19:00,25-50k,
365,"Xe bánh mì, xôi",Xôi lá chuối tôm khô,Món khô,"271 Tùng Thiện Vương, Phường 11",Quận 8,05:00 - 10:00   15:00 - 17:00,17-20k,
366,Cơm Tấm Bà Chị Hai,Câm tấm,Cơm,"51 Đặng Văn Ngữ , P. 14",Quận Phú Nhuận,18:00 - 22:00,40-70k,
367,Heo quay Kim Mai,heo quay,Món khô,"15 Lô B, chợ Bình Tiên, phường 4",Quận 6,"06:30–11:00, 15:00–18:00",170-320k,
368,Bánh canh hẹ Phú Yên,Bánh canh,Món nước,"18A/4 Nguyễn Thị Minh Khai, phường Đa Kao",Quận 1,6 - 14g và 16g30 - 21g30,40k trở lên,
369,Bánh Đúc Nóng - NGUYÊN,Bánh đúc,Món khô,"188 Vạn Kiếp, P. 2",Quận Bình Thạnh,11:00 - 18:00,30-45k,
370,Bánh Mì Dậu,Bánh mì ,Bánh mì,"538/161 Đoàn Văn Bơ, P. 14",Quận 4,16:00 - 22:00,5-20k,
371,Bánh căn Cô Hằng,Bánh căn tôm mực,Món khô,"100 Trần Hưng Đạo, phường Phạm Ngũ Lão",Quận 1,6:00 – 9:00,6-25k,"nghỉ Chủ nhật và ngày rằm 1, 15"
372,Bò Né Cô Út,Bò beafsteak cháy tỏi,Món khô,"009 Lô K chung cư Nguyễn Thiện Thuật, P.1",Quận 3,06:00 - 12:00,45-100k,
373,Ốc Trứng Muối - Đường B6,Ôc,Ăn vặt,"11 Đường B6, P. 12",Quận Tân Bình,15:00 - 23:00,20-500k,
374,Kim Ký,Hủ Tiếu Mì,Món nước,"255 Nguyễn Công Trứ, P. Nguyễn Thái Bình",Quận 1,18:00 - 22:00,34-45k,
375,Gánh bánh mì đêm,Bánh mì,Bánh mì,"65F Nguyễn Thái Học, Phường Cầu Ông Lãnh",Quận 1,19:00 - 05:00,15k,
376,Tiệm Bún Đậu CÁM,Bún đậu,Món khô,"206 Nguyễn Tri Phương, P. 4",Quận 10,10:00 - 22:00,20-100k,
377,Bún Bò Phú Hưng,Bún bò,Món nước,"284/2 Chợ Lớn, P. 11",Quận 6,06:00 - 12:00,25-35k,
378,Đông Mập,Trà Sữa & Gà Cay Phô Mai,Ăn vặt,"164/5 Nguyễn Oanh, P.17",Quận Gò Vấp,17:00 - 22:00,15-50k,
379,Hủ tiếu heo gà,hủ tiếu,Món nước,"160 Trần Bình Trọng, P.3",Quận 5,18:30 - 04:00,35-100k,
380,Nước Vỉa Hè 347,Trà đào dầm,Quán nước,347 Nguyễn Chí Thanh,Quận 5,19:00 - 23:00,7-15k,
381,Bánh Canh Chả Cá Nha Trang Go79,Bánh canh,Món nước,"264 Trường Sa, P. 3",Quận Bình Thạnh,16:00 - 23:00,19-69k,
382,Ốc Sữa 29,Óc,Ăn vặt,"11 Hoa Sữa, P. 7",Quận Phú Nhuận,15:00 - 23:59,30-50k,
383,TRUYỀN THUYẾT CHAMPONG,Mì cay,Món nước,"62 Nguyễn Hoàng, P. An Phú",Quận 2,11:00 - 22:00,120-220k,
384,Xe cá viên chiên ,cá viên chiên,Ăn vặt,Công trưởng UEH,Quận 3,,5k,
385,Xôi Bánh Mì Cô Tuyền,"Xôi, bánh mì",Món khô,"82 Nguyễn Du, Bến Nghé",Quận 1,05:00 - 09:00,25k,
386,Bún riêu Chị Gái,"Bún riêu, bánh canh",Món nước,"64/19 Nguyễn Khoái, P. 2",Quận 4,06:00 - 15:00,20-30k,
387,Bánh Mì Chảo Cô Lệ,Bánh mì chảo,Món khô,"003 Lô D Chung Cư Nguyễn Thiện Thuật, Nguyễn Thiện Thuật",Quận 3,07:00 - 14:00,20-35k,
388,Vạn quán,Lẩu gà lá é,Lẩu,"123/17 Nguyễn Xí, Phường 26",Quận Bình Thạnh,00:01 - 01:00 | 09:00 - 23:59,120-399k,
389,Hoành thánh lá Ngũ Trảo,Hoành thánh lá tôm,Món nước,"Hẻm 66 Lãnh Binh Thăng, Phường 13",Quận 11,15:00 - 22:00,35k,
390,Quán Bánh Canh Chả Cá Phan Rang,Bánh canh chả cá,Món nước,"135 Đình Phong Phú, P. Tăng Nhơn Phú B",Thủ Đức,06:00 - 12:00,20-30k,
391,"ĂN vặt, bánh tráng nướng, trộn",Bánh tráng trộn,Ăn vặt,"5 Đường Số 42, P. 4",Quận 4,09:00 - 22:00,20-40k,
392,Hàu đại dương,Hàu,Nhậu nhẹt,"179 Phạm Hùng, P.4",Quận 8,16:00 tới hết,30-50k,
393,Lẩu Bò Hẻm 616,Lẩu bò ,Lẩu,"Hẻm 616 Cách Mạng Tháng 8, P. 11",Quận 10,18:00 - 22:00,100-200k,
394,Bò lá lốt mỡ chài,bò lá lốt,Món khô,129/12B Hoàng Văn Thụ p8,Quận Phú Nhuận,15:00 đến hết,80k,
395,Hachiba ramen ,Mì ramen ,Món nước,"353 Sư Phạm Hạnh, P12",Quận 10,10:00 - 21:30,48-80k,
396,Nhi Nhi Quán,"Bánh tráng, cá viên",Ăn vặt,"164 Đường 20, P. 5",Quận Gò Vấp,15:00 - 22:30,7-28k,
397,Thèm Gì Cũng Có,Bánh tráng tóp mỡ,Ăn vặt,"327 Phan Đình Phùng, P. 15",Quận Phú Nhuận,09:00 - 22:00,5- 75k,
398,Hey Pelo - Original French Tacos,Bánh Tacos,Món khô,"Số 60 Trần Khắc Chân, P.Tân Định",Quận 1,10:30 - 22:20,30-110k,
399,Vua Mì,Mì bò hầm,Món nước,190 Cao Thắng P. 11,Quận 10,11:00 - 23:59,20-50k,
400,Hải Sản Phan Thiết,Ốc,Nhậu nhẹt,"005 Lô D C/c Nguyễn Thiện Thuật, P. 1",Quận 3,14:00 - 23:00,50-110k,
401,Bánh Mì Cô Điệp,Bánh mì,Bánh mì,"238 Võ Thành Trang, P. 11",Quận Tân Bình,06:00 - 00:00,25k,
402,Bánh mì Bùi Thị Xuân ,Bánh mì,Bánh mì,"122E Bùi Thị Xuân, P. Phạm Ngũ Lão",Quận 1,05:30 - 01:00,20-30k,
403,Bánh mì Ngã tư Tân Khai,Bánh mì,Bánh mì,"Ngã tư Tân Khai, Nguyễn bá học",Quận 11,05:00 - 11:00,10-20k,
404,Giò Heo Phá Lấu Kha Thi,Giò heo phá lấu,Món khô,"37 Đường Số 1, P. An Lạc",Quận Bình Tân,09:00 - 21:00,10-70k,
405,Hủ tiếu cá 80 năm Pháp Mập,Hủ tiếu cá,Món nước,"108/1 Bis Calmette, P. Nguyễn Thái Bình",Quận 1,06:00 - 10:30,25-45k,
406,Sunset & Chill Sky Bar,Cafe,Quán nước,"1143 Bình Quới, Phường 28",Quận Bình Thạnh,07:00 - 00:00,,
407,Buffe ốc Cô Giang,Ốc,Nhậu nhẹt,"59 Nguyễn Hữu Dật,Tây Thạnh",Quận Tân Phú,,"trong tuần 159k, cuối tuần 179k",
408,Chick And Cheese,"Gà cay, gà rán hàn quốc",Ăn vặt,"963A1 Lò Gốm, P. 8",Quận 6,10:30 - 21:30,29-219k,
409,Bánh Cuốn Cô Loan,Bánh cuốn,Món cuốn,"357B Lê Đại Hành, P. 11",Quận 11,06:00 - 11:30,35-50k,
410,Quán Nướng Má Hai,"Lẩu, nướng",Lẩu,"200 Nguyễn Thượng Hiền, P. 5",Quận 3,10:00 - 22:00,20-70k,
411,Doya Jjambbong,Món Hàn,Sang choảnh - Không gian xinh,"S63-1 Sky Garden 3, P. Tân Phong ",Quận 7,11:00 - 22:00,,
412,Quán Chà Bá,"Mực viên, bò viên",Ăn vặt,"185Q Mai Xuân Thưởng, P. 5",Quận 6,13:00 - 22:00,10-30k,
413,Bò Kho Cây Thoại Ngọc Hầu,Bò Kho ,Món nước,"644 Âu Cơ, P.10",Quận Tân Bình,09:00 - 22:00,55k,
414,Lẩu 72 Nguyễn Trường Tộ,Lẩu,Lẩu,"72 Nguyễn Trường Tộ, P. 3, Tp. Vũng Tàu",,09:00 - 21:00,50-200k,
415,Hủ Tiếu Cô Bảy,Hủ tiếu,Món nước,"Hẻm 301 Lê Văn Sỹ, P. 13",Quận 3,22:00 - 05:00,40-50k,
416,Tibon By Jayden,Trà trái cây,Quán nước,299 Hoàng Sa,Quận 1,06:00 - 22:30,15-45k,
417,Nhà Thơm,Trà trái cây,Quán nước,"42CT Tam Đảo, Cư Xá Bắc Hải, P. 15",Quận 10,08:00 - 22:00,20-30k,
418,San San,Mì Gà Quay,Món khô,"147 Hoa Lan, P. 2",Quận Phú Nhuận,09:30 - 22:00,50k,
419,Bún Bò Cô Thu,Bún bò,Món nước,463B Cách Mạng Tháng 8,Quận 10,15:30 - 00:00,30-40k,
420,Quán Út Phượng,"Há cảo, phá lấu",Món nước,"12/15 Lương Định Của, P. An Khánh",Thủ Đức,12:00 - 20:00,20-35k,
421,Mì Vịt Tiềm Hữu Ký,Mì,Món nước,"84 Nguyễn Văn Lạc, P. 19",Quận Bình Thạnh,06:00 - 23:59,50-100k,
422,Bánh Canh Cua Bùi Phát,bánh canh cua,Món nước,"453/95 Lê Văn Sỹ, P. 12",Quận 3,08:00 - 21:00,35k,
423,Bún Riêu Yến,bún riêu,Món nước,"1346 Trường Sa, P. 3",Quận Tân Bình,06:00 - 18:10,32k,
424,Bún Đậu Homemade,Bún đậu,Món khô,1 Nguyễn Văn Tráng,Quận 1,10:00 - 20:30,25-100k,
425,Bánh Canh Gia Lai,Bánh canh,Món nước,"33 Dân Trí, P. 6",Quận Tân Bình,12:00 - 22:00,30-76k,
426,Bánh mì cô Huyền,Bánh Mì Gà Xé Bơ ,Bánh mì,"6/7 Đồ Sơn, P. 4",Quận Tân Bình,06:00 - 23:00,25k,
427,Quán Phở Sụn Ông Già Đầu Bạc,Phở sụn,Món nước,"Đối diện 212/7 Nguyễn Văn Nguyễn, P. Tân Định",Quận 1,6h30 - 13h00,,
428,MỘC,Bò bít tết,Món khô,11 Công Chúa Ngọc Hân. P. 13,Quận 11,07:30 - 12:00 | 18:30 - 21:00,60-75k,
429,Pizza 777,Pizza & Hotdog,Món khô,"122/7 Yên Thế, P. 2",Quận Tân Bình,10:00 - 23:59,50-200k,
430,Hẻm nướng 197,Đồ nướng,Món khô,"197 Ngô Quyền, P. 6,",Quận 10,18:30 - 21:00,,
431,Lyn’s Chicken,Gà rán sốt,Món khô,"69 Tân Trang, P. 9",Quận Tân Bình,11:00 - 20:30,20-30k,
432,Bánh ướt 25k ,Bánh ướt ,Món nước,"117 Thoại Ngọc Hầu, Hoà Thanh",Quận Tân Phú,7h đến hết,25k,
433,Trang Minh - Bún Chả Hà Nội,Bún chả ,Món nước,"169 Bùi Đình Túy, P. 24",Quận Bình Thạnh,06:30 - 20:00,30-50k,
434,BamBoo Quán,Bánh mì chảo,Bánh mì,"47/24/33 Bùi Đình Túy, P. 24",Quận Bình Thạnh,14:00 - 22:00,30-50k,
435,Bánh mì Cô Lành,Bánh mì thịt bò nướng,Bánh mì,"6 Hồ Xuân Hương, P. 14",Quận Bình Thạnh,06:00 - 10:00 | 12:00 - 19:30,30-40k,
436,Ốc Singapore,Ốc,Ăn vặt,295 nguyễn gia trí,Quận Bình Thạnh,15:00 - 23:00,20-200k,
437,Bánh canh sườn cây 10k,Bánh canh,Món nước,"939 Phạm Thế Hiển, P. 4",Quận 8,13:00 - 18:00,15-25k,
438,Tiệm Cháo Trắng Về Đây Em,Cháo   ,Món nước,221/10 Phan Văn Khỏe,Quận 6,16:00 - 19:00,2-20k,
439,Há Cảo Chi Lăng,Há cảo  ,Món nước,"340 Lãnh Binh Thăng, P. 11",Quận 11,16:00 - 22:00,10-30k,
440,Mì Khô Xá Xíu Gia Phúc,Mì khô xá xíu,Món khô,"198B Xóm Chiếu, P. 14",Quận 4,16:00 - 22:30,30-50k,
441,Hủ Tíu Chay Hẻm 80,Hủ tíu chay,Món nước,"Hẻm 80 Lãnh Binh Thăng, P. 13",Quận 11,14:00 - 21:00,30-40k,
442,MiinTea,Trà Sữa & Trà Trái Cây,Quán nước,"104 Đường 17, Khu Phố 3, P.Tân Kiểng",Quận 7,08:00 - 22:30,19-39k,
443,Chicken Hot Spicy,Gà rán  ,Món khô,"445 Nguyễn Tri Phương, P. 8",Quận 8,,30-150k,
444,Assie Meat,,,,,,,